<?xml version="1.0" encoding="UTF-8"?>

<beans xmlns="http://www.springframework.org/schema/beans"
	xmlns:xsi="http://www.w3.org/2001/XMLSchema-instance"
	xmlns:context="http://www.springframework.org/schema/context"
	xmlns:mvc="http://www.springframework.org/schema/mvc"
	xsi:schemaLocation="http://www.springframework.org/schema/beans http://www.springframework.org/schema/beans/spring-beans.xsd
		http://www.springframework.org/schema/context http://www.springframework.org/schema/context/spring-context-4.0.xsd
		http://www.springframework.org/schema/mvc http://www.springframework.org/schema/mvc/spring-mvc-4.0.xsd">


<!-- @Component, @Controller, @RestController, @Service, @Configuration, @Repository -->
<context:component-scan base-package="com.cognizant"></context:component-scan>



	<bean id="viewResolver" class="org.springframework.web.servlet.view.InternalResourceViewResolver">
	<property name="prefix">
		<value>/WEB-INF/pages/</value>  <!-- Your jsp file name must not have extension -->
	</property>							<!-- welcome means it must be inside WEB-INF/pages/welcome.jsp -->
	<property name="suffix">
		<value>.jsp</value>
	</property>
	</bean>

</beans>
