[{"vegname":"Amaranth leaves","market":" ₹ 7","retail":" ₹ 8 - 9","shopping":" ₹ 8 - 12"},{"vegname":"Ash gourd","market":" ₹ 22","retail":" ₹ 25 - 28","shopping":" ₹ 26 - 36"},{"vegname":"Banana flower","market":" ₹ 16","retail":" ₹ 18 - 20","shopping":" ₹ 19 - 26"},{"vegname":"Beetroot","market":" ₹ 23","retail":" ₹ 26 - 29","shopping":" ₹ 28 - 38"},{"vegname":"Bell Pepper (Capsicum)","market":" ₹ 42","retail":" ₹ 48 - 53","shopping":" ₹ 50 - 69"},{"vegname":"Bitter gourd","market":" ₹ 25","retail":" ₹ 29 - 32","shopping":" ₹ 30 - 41"},{"vegname":"Bottlegourd","market":" ₹ 20","retail":" ₹ 23 - 25","shopping":" ₹ 24 - 33"},{"vegname":"Broad beans (fava beans, lima beans, butter beans)","market":" ₹ 48","retail":" ₹ 55 - 61","shopping":" ₹ 58 - 79"},{"vegname":"Cabbage","market":" ₹ 17","retail":" ₹ 20 - 22","shopping":" ₹ 20 - 28"},{"vegname":"Carrot","market":" ₹ 35","retail":" ₹ 40 - 44","shopping":" ₹ 42 - 58"},{"vegname":"Cauliflower","market":" ₹ 21","retail":" ₹ 24 - 27","shopping":" ₹ 25 - 35"},{"vegname":"Cluster beans","market":" ₹ 32","retail":" ₹ 37 - 41","shopping":" ₹ 38 - 53"},{"vegname":"Coconut (fresh)","market":" ₹ 25","retail":" ₹ 29 - 32","shopping":" ₹ 30 - 41"},{"vegname":"Colocasia leaves (Taro leaves)","market":" ₹ 12","retail":" ₹ 14 - 15","shopping":" ₹ 14 - 20"},{"vegname":"Colocasia roots (Taro roots)","market":" ₹ 20","retail":" ₹ 23 - 25","shopping":" ₹ 24 - 33"},{"vegname":"Coriander leaves (Cilantro)","market":" ₹ 12","retail":" ₹ 14 - 15","shopping":" ₹ 14 - 20"},{"vegname":"Corn","market":" ₹ 28","retail":" ₹ 32 - 36","shopping":" ₹ 34 - 46"},{"vegname":"Cucumber","market":" ₹ 34","retail":" ₹ 39 - 43","shopping":" ₹ 41 - 56"},{"vegname":"Curry leaves","market":" ₹ 6","retail":" ₹ 7 - 8","shopping":" ₹ 7 - 10"},{"vegname":"Dill leaves","market":" ₹ 26","retail":" ₹ 30 - 33","shopping":" ₹ 31 - 43"},{"vegname":"Drumsticks","market":" ₹ 65","retail":" ₹ 75 - 83","shopping":" ₹ 78 - 107"},{"vegname":"Eggplant (Brinjal or Aubergine)","market":" ₹ 34","retail":" ₹ 39 - 43","shopping":" ₹ 41 - 56"},{"vegname":"Elephant Yam","market":" ₹ 36","retail":" ₹ 41 - 46","shopping":" ₹ 43 - 59"},{"vegname":"Fenugreek leaves","market":" ₹ 11","retail":" ₹ 13 - 14","shopping":" ₹ 13 - 18"},{"vegname":"French Beans (Green beans)","market":" ₹ 63","retail":" ₹ 72 - 80","shopping":" ₹ 76 - 104"},{"vegname":"Garlic","market":" ₹ 198","retail":" ₹ 228 - 251","shopping":" ₹ 238 - 327"},{"vegname":"Ginger","market":" ₹ 50","retail":" ₹ 58 - 64","shopping":" ₹ 60 - 83"},{"vegname":"Green chili","market":" ₹ 49","retail":" ₹ 56 - 62","shopping":" ₹ 59 - 81"},{"vegname":"Green onion (Scallian or Spring onion)","market":" ₹ 27","retail":" ₹ 31 - 34","shopping":" ₹ 32 - 45"},{"vegname":"Green peas","market":" ₹ 52","retail":" ₹ 60 - 66","shopping":" ₹ 62 - 86"},{"vegname":"Ivy gourd","market":" ₹ 22","retail":" ₹ 25 - 28","shopping":" ₹ 26 - 36"},{"vegname":"Jackfruit","market":" ₹ 250","retail":" ₹ 288 - 318","shopping":" ₹ 300 - 413"},{"vegname":"Lemon (Lime)","market":" ₹ 41","retail":" ₹ 47 - 52","shopping":" ₹ 49 - 68"},{"vegname":"Mint leaves","market":" ₹ 12","retail":" ₹ 14 - 15","shopping":" ₹ 14 - 20"},{"vegname":"Mushroom","market":" ₹ 79","retail":" ₹ 91 - 100","shopping":" ₹ 95 - 130"},{"vegname":"Mustard leaves","market":" ₹ 22","retail":" ₹ 25 - 28","shopping":" ₹ 26 - 36"},{"vegname":"Okra (Ladies finger)","market":" ₹ 29","retail":" ₹ 33 - 37","shopping":" ₹ 35 - 48"},{"vegname":"Onion","market":" ₹ 21","retail":" ₹ 24 - 27","shopping":" ₹ 25 - 35"},{"vegname":"Plantain (raw banana)","market":" ₹ 12","retail":" ₹ 14 - 15","shopping":" ₹ 14 - 20"},{"vegname":"Potato","market":" ₹ 26","retail":" ₹ 30 - 33","shopping":" ₹ 31 - 43"},{"vegname":"Pumpkin","market":" ₹ 27","retail":" ₹ 31 - 34","shopping":" ₹ 32 - 45"},{"vegname":"Radish (Daikon)","market":" ₹ 30","retail":" ₹ 35 - 38","shopping":" ₹ 36 - 50"},{"vegname":"Ridge gourd","market":" ₹ 25","retail":" ₹ 29 - 32","shopping":" ₹ 30 - 41"},{"vegname":"Shallot (pearl onion)","market":" ₹ 56","retail":" ₹ 64 - 71","shopping":" ₹ 67 - 92"},{"vegname":"Snake gourd","market":" ₹ 25","retail":" ₹ 29 - 32","shopping":" ₹ 30 - 41"},{"vegname":"Sorrel leaves","market":" ₹ 10","retail":" ₹ 12 - 13","shopping":" ₹ 12 - 17"},{"vegname":"Spinach","market":" ₹ 15","retail":" ₹ 17 - 19","shopping":" ₹ 18 - 25"},{"vegname":"Sweet potato","market":" ₹ 40","retail":" ₹ 46 - 51","shopping":" ₹ 48 - 66"},{"vegname":"Tomato","market":" ₹ 18","retail":" ₹ 21 - 23","shopping":" ₹ 22 - 30"}]